date,action,requested_shares,executed_shares,clamped,price,cash_after,shares_after,portfolio_value,reason
2024-01-02,buy,1750,1750,False,570.36,447.66,1750,998577.66,價格趨勢向上，收盤價高於MA20且迴歸斜率為正，顯示短期動能強勁，決定建倉買進。
2024-01-03,hold,0,0,False,555.93,447.66,1750,973325.16,價格雖有緩慢回升且斜率為正，但目前仍低於 MA20 且處於虧損狀態，在缺乏新聞面利多且現金餘額極低的情況下，選擇觀望等待趨勢確認。
2024-01-04,hold,0,0,False,557.86,447.66,1750,976702.66,價格趨勢雖有正向斜率但現價低於MA20且低於持倉成本，且可用現金極低不足以進行有效攤平，建議觀望。
2024-01-05,sell,1750,1750,False,554.01,965675.05,0,965675.05,外資大額賣超導致股價失守月線且趨勢偏空，加上三星採取激進降價搶單策略增加競爭壓力，決定獲利了結或止損以規避短線風險。
2024-01-08,hold,0,0,False,560.74,965675.05,0,965675.05,短線技術面受制於月線壓力且外資近期大額賣超，加上三星降價搶單帶來競爭壓力，建議觀望等待趨勢反轉。
2024-01-09,hold,0,0,False,563.63,965675.05,0,965675.05,近期外資大額賣超導致股價失守月線，且三星調降報價可能對先進製程造成競爭壓力，短線趨勢偏空，建議觀望等待止跌訊號。
2024-01-10,hold,0,0,False,561.7,965675.05,0,965675.05,短線技術面受制於月線壓力且外資近期出現大額賣超，加上三星降價搶單可能對先進製程造成壓力，建議觀望等待趨勢反轉。
2024-01-11,hold,0,0,False,563.63,965675.05,0,965675.05,近期外資大額賣超導致股價失守月線，且三星降價搶單可能對先進製程造成壓力，技術面與資金面偏空，建議觀望。
2024-01-12,buy,1700,1700,False,561.7,9424.33,1700,964314.33,大摩與瑞銀均給予強烈買入評級且目標價遠高於現價，技術面斜率向上且趨勢轉偏多，適合在MA20附近佈局AI成長潛力。
2024-01-15,buy,16,16,False,563.63,393.4,1716,967582.48,技術面呈現多頭趨勢且價格突破MA20，加上瑞銀與大摩等外資機構喊買並給予高目標價，基本面受AI需求支撐，決定利用剩餘現金小幅加碼。
2024-01-16,hold,0,0,False,557.86,393.4,1716,957681.16,雖然大摩與瑞銀喊買且AI趨勢強勁，但現價低於MA20且處於成本線下方，且面臨大選政治風險與三星降價競爭，建議持倉觀察能否突破均線。
2024-01-17,hold,0,0,False,558.82,393.4,1716,959328.52,雖然大摩與瑞銀喊買且AI趨勢強勁，但現價 558.82 元低於 MA20 (561.99) 且低於持倉成本，在未突破均線壓力前選擇觀望。
2024-01-18,hold,0,0,False,565.55,393.4,1716,970877.2,技術面價格已站上MA20且趨勢偏多，基本面獲瑞銀與大摩看好，但目前現金餘額極低且面臨大選政治不確定性，建議持股觀望。
2024-01-19,hold,0,0,False,602.1,393.4,1716,1033597.0,法說會營收展望與2奈米擴產計畫極為強勁，且技術面呈多頭趨勢，但考量目前股價已高於MA20且短期漲幅較大，加上大選前政治不確定性，選擇持股觀望。
2024-01-22,hold,0,0,False,602.1,393.4,1716,1033597.0,法說會基本面強勁且技術面呈多頭趨勢，但目前股價已高於MA20且短期漲幅較大，加上大選前政治不確定性，建議持股觀望以獲利奔跑並規避短期修正風險。
2024-01-23,hold,0,0,False,604.02,393.4,1716,1036891.72,法說會展望強勁且技術面呈多頭，但現價已高於MA20逾6%且面臨大選政治不確定性，建議持倉觀察而非追高。
2024-01-24,hold,0,0,False,603.06,393.4,1716,1035244.36,法說會基本面強勁且技術面呈多頭趨勢，但現價已高於MA20達5.64%且接近近期高點，在政治不確定性仍存的情況下，選擇持有獲利單並觀察是否修正。
2024-01-25,hold,0,0,False,617.49,393.4,1716,1060006.24,法說會基本面強勁且趨勢偏多，但現價相對MA20已高出7.72%且短期漲幅較快，建議持有獲利單並觀察大選政治風險，不急於追高或獲利了結。
2024-01-26,hold,0,0,False,619.41,393.4,1716,1063300.96,基本面強勁（AI需求、營收預估成長20-25%）且技術面呈多頭排列，但目前現金餘額極低（393元），不足以買進單股，故維持持倉觀望。
2024-01-29,hold,0,0,False,623.26,393.4,1716,1069907.56,基本面強勁且技術面呈多頭排列，但目前現金餘額極低（393元）不足以買進更多股數，且趨勢偏多建議繼續持有獲利單。
2024-01-30,hold,0,0,False,617.49,393.4,1716,1060006.24,基本面強勁（AI需求、2奈米擴產、營收預估成長20-25%）且技術面呈多頭排列，目前獲利豐厚且趨勢偏多，建議繼續持有以獲取後續漲幅。
2024-01-31,hold,0,0,False,604.02,393.4,1716,1036891.72,基本面強勁（AI需求、營收成長預估20-25%）且技術面呈多頭排列，但目前現金餘額極低（393元），不足以買進更多股數，故維持持倉。
2024-02-01,hold,0,0,False,604.02,393.4,1716,1036891.72,基本面強勁（AI需求、2奈米擴產、營收預估成長20-25%）且技術面呈多頭排列，目前股價高於成本且趨勢偏多，建議繼續持有獲利。
2024-02-02,hold,0,0,False,610.76,393.4,1716,1048457.56,基本面強勁且技術面呈上升趨勢，但近四週研判已由偏多轉為中性，且需關注大選後外部政治風險，故選擇持股觀望。
2024-02-05,hold,0,0,False,621.34,393.4,1716,1066612.84,基本面強勁且獲利豐厚，但近期趨勢由偏多轉為中性，且現價相對MA20已偏高，建議持股觀望以應對大選後潛在風險。
2024-02-15,hold,0,0,False,670.39,393.4,1716,1150782.64,技術面呈現強勢多頭且基本面受AI需求與法說會利多支撐，但現價已遠高於MA20（+12.36%）且短期漲幅顯著，建議持股獲利奔跑而非追高。
2024-02-16,hold,0,0,False,656.92,393.4,1716,1127668.12,股價剛創天價(697元)且遠高於MA20，短期漲幅過快有獲利回吐壓力，且目前現金餘額不足以買進更多股數，故選擇持股觀望。
2024-02-19,hold,0,0,False,652.12,393.4,1716,1119431.32,基本面強勁且技術面呈多頭趨勢，龍年開市創天價顯示法人買盤強烈，目前持倉獲利豐厚且現金餘額不足以買進，建議持股續抱。
2024-02-20,hold,0,0,False,660.77,393.4,1716,1134274.72,基本面強勁且技術面呈多頭趨勢，股價剛創天價且法人持續買超，建議持股獲利奔跑，目前現金餘額不足以進行有效買進。
2024-02-21,hold,0,0,False,655.0,393.4,1716,1124373.4,基本面強勁且技術面呈多頭趨勢，龍年開市創天價顯示法人資金強勢，目前持倉成本低且趨勢偏多，建議繼續持有獲利。
2024-02-22,hold,0,0,False,665.58,393.4,1716,1142528.68,基本面強勁且技術面處於多頭趨勢，但現價已大幅高於成本且接近天價，且帳戶現金餘額不足以進行有效買進，故選擇持股觀望。
2024-02-23,hold,0,0,False,670.39,393.4,1716,1150782.64,股價處於強勁多頭且外資持續買超，但現價相對MA20偏離度較高（+7.04%）且短線漲幅大，建議持倉觀望以獲利奔跑，同時避免在高點追價。
2024-02-26,hold,0,0,False,671.35,393.4,1716,1152430.0,股價處於強勁多頭趨勢且外資持續買超，但現價已偏離MA20達6.3%且短線漲幅較大，建議持倉觀察以避免追高風險。
2024-02-27,hold,0,0,False,671.35,393.4,1716,1152430.0,目前股價處於強勁多頭且遠高於成本，雖有獲利了結壓力但外資買盤強勁且AI趨勢明確，選擇持股觀望以獲取更多漲幅。
2024-02-29,hold,0,0,False,663.66,393.4,1716,1139233.96,股價處於強勁多頭趨勢且外資持續買超，但現價已偏離MA20且短線漲幅較大，建議持有獲利單並觀察是否回測支撐。
2024-03-01,hold,0,0,False,662.7,393.4,1716,1137586.6,技術面多頭強勢且AI題材與市值潛力明確，雖近期萬九關卡有法人獲利了結壓力，但整體趨勢偏多，建議持倉觀望。
2024-03-04,hold,0,0,False,697.32,393.4,1716,1196994.52,股價處於強勢多頭且遠高於成本，雖有AI題材與人事佈局利多，但近期萬九關卡出現法人獲利了結壓力，建議持股觀察。
2024-03-05,hold,0,0,False,702.13,393.4,1716,1205248.48,股價處於強勢多頭且遠高於MA20，雖有AI題材與市值潛力，但近期萬九關卡出現法人獲利了結壓力，建議持倉觀望。
2024-03-06,hold,0,0,False,706.94,393.4,1716,1213502.44,股價處於強勢多頭且遠高於MA20，雖然趨勢偏多且有AI題材支撐，但近期已快速漲幅較大且接近萬九壓力區，建議持倉觀望以獲利奔跑。
2024-03-07,hold,0,0,False,730.98,393.4,1716,1254755.08,股價處於強勢多頭且遠高於MA20，雖有AI題材與市值潛力，但近期萬九關卡出現法人獲利了結壓力，且目前現金餘額不足以買進，故選擇持股觀望。
2024-03-08,hold,0,0,False,754.07,393.4,1716,1294377.52,台積電目前處於強勢多頭格局且外資連5買，短期動能強勁，但現價遠高於MA20且漲幅已大，建議持股觀察，且目前現金餘額不足以進行有效買進。
2024-03-11,hold,0,0,False,736.76,393.4,1716,1264673.56,股價處於強勢多頭且外資連日買超，基本面與市場情緒偏多，但現價遠高於MA20且短期漲幅已大，建議持倉觀望以獲利奔跑。
2024-03-12,hold,0,0,False,740.6,393.4,1716,1271263.0,股價處於強勢多頭且外資持續買超，但現價相對MA20已偏高(+8.9%)且現金餘額極低，建議持股等待進一步突破。
2024-03-13,hold,0,0,False,749.26,393.4,1716,1286123.56,股價處於強勢多頭趨勢且外資持續買超，但現價相對MA20已偏高（+9.07%）且現金餘額極低，不宜追高或減碼，選擇持股觀望。
2024-03-14,hold,0,0,False,754.07,393.4,1716,1294377.52,股價處於強勢多頭且外資持續買超，但現價遠高於MA20且短期漲幅較大，且帳戶現金餘額不足以買進更多股數，故選擇持股觀望。
2024-03-15,sell,1716,1716,False,724.25,1237706.95,0,1237706.95,台積電ADR於3/15爆跌逾3%且摜破135美元，且現貨市場外資與投信同步大砍，短期面臨強大下行壓力，決定獲利了結以規避風險。
2024-03-18,hold,0,0,False,738.26,1237706.95,0,1237706.95,儘管長期趨勢偏多，但 3/15 出現外資大砍且 ADR 跌破 135 美元之強烈看空訊號，短期面臨劇烈回調風險，建議觀望等待支撐確認。
2024-03-19,hold,0,0,False,736.33,1237706.95,0,1237706.95,儘管長期趨勢偏多且現價高於MA20，但3月15日出現外資大砍、ADR摜破135美元之強烈下跌訊號，短線風險增加，建議觀望等待支撐確認。
2024-03-20,hold,0,0,False,732.47,1237706.95,0,1237706.95,近期ADR大跌且外資強勢砍單，股價雖處於多頭格局但短線面臨劇烈修正，建議觀望等待支撐明確後再行布局。
2024-03-21,hold,0,0,False,757.59,1237706.95,0,1237706.95,雖然長期趨勢偏多且價格高於MA20，但近期ADR大跌破135美元且外資強勢砍單，短線面臨劇烈回調風險，建議觀望等待支撐確認。
2024-03-22,buy,1620,1620,False,758.56,7088.62,1620,1235955.82,儘管3/15出現短期回測，但近30日趨勢強勁且MA20維持多頭，週研判連續四週偏多，適合在回測後逢低佈局。
2024-03-25,hold,0,0,False,753.72,7088.62,1620,1228115.02,雖然長期趨勢偏多且現價在MA20之上，但近期出現外資大砍及ADR破位等劇烈波動，且目前持倉成本(759.64)高於現價(753.72)，建議在趨勢重新企穩前維持觀望。
2024-03-26,hold,0,0,False,755.66,7088.62,1620,1231257.82,股價雖處於多頭趨勢且 MA20 支撐強勁，但近期出現外資大砍及 ADR 破位之劇烈波動，且目前持倉成本(759.64)略高於現價(755.66)，建議在趨勢重新企穩前維持觀望。
2024-03-27,hold,0,0,False,752.76,7088.62,1620,1226559.82,股價雖維持多頭趨勢且位於MA20之上，但近期出現外資大砍及ADR破位之劇烈波動，且目前持倉成本(759.64)高於現價(752.76)，建議在趨勢重新站穩前維持觀望。
2024-03-28,hold,0,0,False,743.09,7088.62,1620,1210894.42,目前股價(743.09)低於持倉成本(759.64)且處於短期回測壓力，雖長期趨勢偏多，但近期外資賣壓顯著且ADR走弱，建議暫時觀望等待止跌訊號。
2024-03-29,sell,1620,1620,False,749.86,1216486.45,0,1216486.45,目前股價(749.86)已低於持倉成本(759.64)，且近期出現三大法人大幅賣超及ADR大跌等警訊，短期獲利了結壓力沉重，決定先止損出場以規避風險。
2024-04-01,buy,1600,1600,False,744.06,24293.99,1600,1214789.99,股價趨勢強勁且位於MA20之上，近期雖有法人獲利了結壓力，但長期趨勢偏多且技術領先，適合在回調後分批佈局。
2024-04-02,hold,0,0,False,763.39,24293.99,1600,1245717.99,股價處於強勁多頭趨勢且高於MA20，但近期法人籌碼劇烈波動且有獲利了結壓力，建議持倉觀察。
2024-04-03,hold,0,0,False,753.72,24293.99,1600,1230245.99,股價處於強勢多頭且位於MA20之上，但近期法人籌碼波動劇烈且有獲利了結壓力，建議持倉觀望以確認趨勢穩定性。
2024-04-08,sell,400,400,False,756.62,325602.77,1200,1233546.77,短期趨勢轉偏空，且受美股下跌、費半下挫及ADR走低影響，建議部分獲利了結以降低風險。
2024-04-09,sell,200,200,False,791.41,483184.37,1000,1274594.37,短期趨勢轉空且美股受降息前景打擊導致ADR下跌，加上近期股價遠高於MA20，採取部分獲利了結以降低風險。
2024-04-10,sell,1000,1000,False,787.54,1267239.51,0,1267239.51,短期趨勢轉空且美股降息前景受挫導致ADR下跌，加上近期震盪劇烈，建議先獲利了結以規避風險。
2024-04-11,hold,0,0,False,792.38,1267239.51,0,1267239.51,短期趨勢已轉為偏空，且美股受降息前景打擊及費半下挫，台積電ADR同步下跌，建議觀望等待市場情緒穩定。
2024-04-12,hold,0,0,False,790.44,1267239.51,0,1267239.51,技術面雖處於強勢多頭且站穩均線，但近期三大法人連續賣超且美債殖利率攀升壓抑權值股，綜合研判方向為中性，建議觀望外資態度。
2024-04-15,hold,0,0,False,778.85,1267239.51,0,1267239.51,技術面雖處於強勢多頭且價格站穩MA20，但近期三大法人連續賣超且週研判方向轉為中性，建議觀察外資籌碼趨勢穩定後再行佈局。
2024-04-16,hold,0,0,False,761.45,1267239.51,0,1267239.51,技術面雖處於多頭且價格站穩MA20，但近期三大法人持續賣超且週趨勢研判已轉為中性，建議觀望外資態度是否穩定後再行布局。
2024-04-17,hold,0,0,False,776.92,1267239.51,0,1267239.51,技術面雖呈強勢多頭且價格站穩MA20，但近期三大法人持續賣超且週頻研判已轉為中性，建議觀望外資籌碼趨勢是否止跌回穩後再行布局。
2024-04-18,hold,0,0,False,776.92,1267239.51,0,1267239.51,技術面雖處於多頭且價格站穩MA20，但近期三大法人持續賣超且週頻研判已轉為中性，建議觀望外資態度是否穩定後再行布局。
2024-04-19,hold,0,0,False,724.73,1267239.51,0,1267239.51,台積電法說會下修展望導致股價爆跌且成交量激增，市場恐慌追殺氣氛濃厚，短期空頭力道強勁，應等待價格企穩及情緒反轉訊號再行布局。
2024-04-22,hold,0,0,False,717.0,1267239.51,0,1267239.51,近期法說會下修展望導致市場恐慌，股價跌破MA20且趨勢偏空，在未見止跌反轉訊號前選擇觀望。
2024-04-23,hold,0,0,False,728.6,1267239.51,0,1267239.51,短期趨勢偏空且股價低於MA20，法說會後市場出現恐慌追殺且三大法人持續賣超，建議等待底部止跌訊號或情緒反轉再行布局。
2024-04-24,hold,0,0,False,756.62,1267239.51,0,1267239.51,法說會下修展望導致市場恐慌，股價雖在750元附近有撐但短期趨勢偏空且跌破MA20，建議等待情緒穩定或出現明確反轉訊號再進場。
2024-04-25,hold,0,0,False,740.2,1267239.51,0,1267239.51,短期趨勢偏空且股價低於MA20，法說會後市場恐慌情緒仍存，雖AI動能強但需等待技術面止跌訊號或法人轉買方再行介入。
2024-04-26,buy,1600,1600,False,755.66,56460.6,1600,1265516.6,股價在法說會重挫後已出現強烈反彈，且4/24外資轉買超並帶動市值回升20兆，顯示底部初步確立，AI動能依然強勁。
2024-04-29,hold,0,0,False,768.22,56460.6,1600,1285612.6,股價雖在 4/24 強勢反彈至 783 元並站回 MA20 之上，但法說會下修展望導致市場情緒仍脆弱，且週頻研判維持中性，建議持倉觀望以確認反彈趨勢。
2024-04-30,hold,0,0,False,763.39,56460.6,1600,1277884.6,股價雖在4/24後反彈且現價高於成本與MA20，但法說會下修展望導致市場情緒脆弱，趨勢研判仍為中性，建議持倉觀察AI動能是否能抵銷產業下修壓力。
2024-05-02,hold,0,0,False,745.99,56460.6,1600,1250044.6,股價雖在法說會後劇烈震盪並低於MA20，但近期已有反彈跡象且AI動能強勁，目前趨勢研判為中性，建議持倉觀察是否能站穩支撐。
2024-05-03,hold,0,0,False,753.72,56460.6,1600,1262412.6,股價目前處於 MA20 (761.02) 下方且趨勢斜率為負，雖有散戶低接但法人賣壓仍存，建議等待站回均線之止跌訊號再行操作。
2024-05-06,hold,0,0,False,759.52,56460.6,1600,1271692.6,現價 759.52 元仍低於 MA20 (761.31) 且趨勢斜率為負，雖 AI 動能強勁但技術面尚未確認站回均線止跌，建議維持持倉觀望。
2024-05-07,hold,0,0,False,773.05,56460.6,1600,1293340.6,現價 773.05 已站回 MA20 (762.13) 之上，且價格趨勢由偏空轉中性，建議持倉觀察是否能穩固漲勢，暫不追買或賣出。
2024-05-08,hold,0,0,False,774.98,56460.6,1600,1296428.6,現價 774.98 元已站回 MA20 (761.31) 之上且趨勢斜率正向，但近期法人與散戶分歧且方向研判仍為中性，建議持倉觀察是否能穩固漲勢。
2024-05-09,hold,0,0,False,769.18,56460.6,1600,1287148.6,現價 769.18 元已站上 MA20 (760.39) 並呈現正向斜率，且 AI 動能強勁，目前處於中性轉強的觀察期，建議持倉等待趨勢確認。
2024-05-10,hold,0,0,False,774.98,56460.6,1600,1296428.6,股價已站回MA20且趨勢轉正，且5/7曾觸及800元，目前處於中性偏強震盪期，建議持有既有獲利部位觀察外資動向。
2024-05-13,hold,0,0,False,791.41,56460.6,1600,1322716.6,股價已站回800元關卡且高於MA20，趨勢轉強且AI動能明確，但近期週頻研判維持中性且外資動向不一，建議持倉觀望以獲利奔跑。
2024-05-14,hold,0,0,False,797.21,56460.6,1600,1331996.6,股價已站回800元關卡且高於MA20，短期趨勢轉強且獲利中，但在週頻研判仍為中性且外資動向不穩的情況下，選擇持股觀望。
2024-05-15,hold,0,0,False,810.74,56460.6,1600,1353644.6,股價已從低點強勢反彈至 810.74 元，且現價高於 MA20 約 6.26%，短期漲幅較快。在週研判維持中性且外資動向仍有不確定性的情況下，選擇持有獲利部位觀望。
2024-05-16,hold,0,0,False,812.67,56460.6,1600,1356732.6,股價已站回800元且高於MA20，短期趨勢強勢且獲利中，但在週頻研判仍為中性且外資動向不穩的情況下，選擇持股觀望以維持獲利空間。
2024-05-17,hold,0,0,False,806.87,56460.6,1600,1347452.6,股價已站穩800元且趨勢偏多，目前獲利空間充足且MA20斜率向上，建議持股續抱以獲取AI動能漲幅。
2024-05-20,hold,0,0,False,806.87,56460.6,1600,1347452.6,股價已站穩800元且趨勢偏多，現價相對MA20有一定漲幅，建議持有獲利單以觀察AI動能能否持續推升，不急於追高或獲利了結。
2024-05-21,hold,0,0,False,812.67,56460.6,1600,1356732.6,股價目前處於強勢上升趨勢且高於MA20，基本面受AI需求支撐，在趨勢偏多且已有充足持倉的情況下，選擇持股觀察以獲取更多漲幅。
2024-05-22,hold,0,0,False,834.89,56460.6,1600,1392284.6,股價近期強勢上漲，現價相對MA20已偏高(+6.98%)且趨勢偏多，基本面受AI動能支撐，建議持有獲利部位觀察是否回調再行加碼。
2024-05-23,hold,0,0,False,845.52,56460.6,1600,1409292.6,股價近期強勢上漲，現價 845.52 元遠高於 MA20 且漲幅達 7.72%，短期有超買風險；基本面 AI 動能強勁且趨勢偏多，建議持倉獲利奔跑而非追高買進。
2024-05-24,hold,0,0,False,837.79,56460.6,1600,1396924.6,股價創歷史新高且遠高於MA20，短期漲幅過大有獲利了結風險，且週研判已轉為中性，建議持倉觀望。
2024-05-27,hold,0,0,False,839.73,56460.6,1600,1400028.6,股價近期強勢上漲且創歷史新高，現價遠高於MA20且趨勢脈絡轉為中性，短期漲幅過大有獲利了結風險，建議持倉觀望。
2024-05-28,hold,0,0,False,835.86,56460.6,1600,1393836.6,股價已創歷史新高且遠高於MA20，短期漲幅過大存在獲利了結壓力，且週研判已由偏多轉為中性，建議持倉觀望。
2024-05-29,hold,0,0,False,828.13,56460.6,1600,1381468.6,股價近期強勢創高且高於MA20，雖趨勢偏多但週研判已轉為中性，警惕短期漲幅過大之獲利了結風險，故選擇持股觀望。
2024-05-30,hold,0,0,False,809.77,56460.6,1600,1352092.6,股價雖創高且趨勢向上，但最新週研判已轉為中性並警示過熱風險，且目前持倉獲利豐厚（成本756.74），建議持股觀察而非追高。
2024-05-31,hold,0,0,False,793.34,56460.6,1600,1325804.6,股價雖處上升趨勢且成本具優勢，但目前現價低於MA20且近期出現高檔震盪與獲利賣壓，綜合研判為中性，建議持股觀望。
2024-06-03,hold,0,0,False,817.5,56460.6,1600,1364460.6,股價雖處於上升趨勢且高於成本，但近期週研判已連續兩週維持中性，且5月24日曾出現高檔大跌警示，建議在震盪整理期持股觀望。
2024-06-04,hold,0,0,False,810.74,56460.6,1600,1353644.6,股價目前處於 MA20 附近且趨勢研判已連續兩週維持中性，在高檔震盪風險與獲利賣壓壓力下，選擇持倉觀望以等待方向明確。
2024-06-05,hold,0,0,False,825.23,56460.6,1600,1376828.6,股價雖處於上升趨勢且高於成本，但近期週研判已連續兩週維持中性，且5月24日曾出現高檔大跌警示，建議在方向明確前持股觀望。
2024-06-06,hold,0,0,False,863.88,56460.6,1600,1438668.6,股價處於強勢上升趨勢且遠高於成本，但近期週研判已連續兩週轉為中性，且5月24日曾出現高檔大跌警訊，建議持股觀望以獲利奔跑並留意震盪風險。
2024-06-07,hold,0,0,False,849.39,56460.6,1600,1415484.6,股價於 6/6 剛創 894 元新高且趨勢強勢，目前持倉成本 (756.74) 具備極大安全邊際，建議持股續抱以獲取多頭趨勢獲利，無需在高點追買或過早獲利了結。
2024-06-11,hold,0,0,False,853.25,56460.6,1600,1421660.6,股價處於強勢多頭且剛創歷史新高（894元），技術面與基本面均偏多，但目前獲利空間已大且現金餘額有限，建議持股觀望以維持獲利。
2024-06-12,hold,0,0,False,878.38,56460.6,1600,1461868.6,股價處於強勢多頭且剛創歷史新高（894元），技術面與基本面均偏多，但現價相對MA20已偏高(+6%)，建議持股獲利奔跑而非追高。
2024-06-13,hold,0,0,False,891.47,56460.6,1600,1482812.6,股價處於強勢多頭且剛創新高，現價相對MA20偏高(+7.06%)，在維持高額獲利部位的同時，建議觀望短期是否回調以避免追高。
2024-06-14,sell,400,400,False,894.38,412629.55,1200,1485885.55,股價遠離MA20且處於高檔，近期外資出現強烈賣超（6/11單日賣超332億），採取部分獲利了結以降低風險。
2024-06-17,sell,200,200,False,893.41,590520.88,1000,1483930.88,股價短期漲幅過大且遠離MA20，加上6/11三大法人單日賣超403億元顯示高檔獲利了結壓力沉重，決定部分減碼以鎖定獲利。
2024-06-18,sell,300,300,False,914.76,863734.54,700,1504066.54,股價短期漲幅過大且遠離MA20（+8.06%），加上6/11三大法人大舉賣超403億，存在高檔獲利了結風險，故適度減碼獲利。
2024-06-19,sell,200,200,False,951.62,1053216.36,500,1529026.36,股價短期漲幅過大（相對MA20 +11.5%）且處於高檔，加上 6/11 外資出現強烈賣超壓力，決定部分獲利了結以降低風險。
2024-06-20,sell,200,200,False,951.62,1242698.17,300,1528184.17,股價短期漲幅過快（30日+23.72%）且遠離MA20（+10.74%），加上6/11外資強烈賣超，採取部分獲利了結以降低高檔風險。
2024-06-21,hold,0,0,False,940.95,1242698.17,300,1524983.17,股價短期漲幅過大（相對MA20 +8.9%）且處於歷史高點，雖基本面強勁但需警惕獲利了結震盪及人才流失風險，建議持倉觀望。
2024-06-24,hold,0,0,False,911.84,1242698.17,300,1516250.17,股價近期漲幅強勁且處於歷史高點（現價相對MA20 +5.08%），雖基本面受AI需求與3奈米短缺支撐，但需警惕短期過熱之震盪風險及人才流失變數，故維持持倉觀望。
2024-06-25,hold,0,0,False,916.7,1242698.17,300,1517708.17,股價處於強勢多頭且遠高於MA20，雖AI需求與3奈米短缺提供基本面支撐，但短期漲幅過大且有人才流失風險，建議持倉觀察而非追高。
2024-06-26,hold,0,0,False,931.25,1242698.17,300,1522073.17,目前股價遠高於成本且處於歷史高位，雖然AI需求強勁且趨勢偏多，但短期漲幅過大且有人才流失風險，建議持股觀察而非追高。
2024-06-27,hold,0,0,False,931.25,1242698.17,300,1522073.17,股價處於強勢多頭且遠高於成本，雖基本面受AI需求支撐，但短期漲幅過大且有人才流失之雜訊，建議持股觀察而非追高。
2024-06-28,hold,0,0,False,937.07,1242698.17,300,1523819.17,股價處於強勢多頭且遠高於成本，雖基本面強勁但短期漲幅較大且面臨人才流失與政策風險，建議持股獲利觀察，不急於追高或獲利了結。
2024-07-01,hold,0,0,False,939.01,1242698.17,300,1524401.17,股價短期漲幅強勁且高於MA20，雖基本面受AI需求支撐，但需觀察國會擴權法案及人才流失之潛在風險，目前持倉獲利豐厚，選擇持股觀望。
2024-07-02,hold,0,0,False,931.25,1242698.17,300,1522073.17,股價近期強勢上漲且處於MA20上方，基本面受AI需求支撐，但考慮到人才流失及國會擴權之潛在風險，且目前已有獲利部位，選擇持股觀望。
2024-07-03,hold,0,0,False,949.68,1242698.17,300,1527602.17,股價近期強勢上漲且遠高於MA20，雖基本面受AI需求支撐，但面臨人才流失與國會擴權等潛在風險，建議在獲利豐厚的情況下先持股觀望。
2024-07-04,hold,0,0,False,974.9,1242698.17,300,1535168.17,股價短期漲幅強勁且遠高於MA20，雖基本面受AI需求支撐，但面臨人才流失及國會擴權之潛在風險，建議在獲利豐厚之情況下持股觀望。
2024-07-05,hold,0,0,False,974.9,1242698.17,300,1535168.17,股價剛突破千元大關創歷史新高且與MA20乖離率達5.87%，短線漲幅過快，建議在強勢多頭格局中持倉觀望，等待回調機會而非在高點追買。
2024-07-08,hold,0,0,False,1004.0,1242698.17,300,1543898.17,股價已突破千元大關且相對MA20乖離率達8.12%，短線漲幅過快存在獲利了結壓力，建議在強勢多頭格局中持股觀望。
2024-07-09,hold,0,0,False,1008.85,1242698.17,300,1545353.17,股價已突破千元大關且相對MA20乖離率達7.74%，短線漲幅過快有獲利了結壓力，建議在強勢多頭格局中持股觀望，不急於高點追買或過早獲利了結。
2024-07-10,hold,0,0,False,1013.7,1242698.17,300,1546808.17,股價已突破千元大關且相對MA20乖離率達7.48%，短線漲幅過大有獲利了結壓力，建議在強勢多頭格局中持股觀望，不急於高點追買或過早獲利了結。
2024-07-11,hold,0,0,False,1047.65,1242698.17,300,1556993.17,股價已突破千元大關且相對MA20乖離率達10.17%，短線漲幅過快存在獲利了結壓力，建議在強勢多頭格局中持股觀望，不急於高點追買或過早獲利了結。
2024-07-12,hold,0,0,False,1008.85,1242698.17,300,1545353.17,雖然今日外資大賣導致股價重挫，但目前持倉成本極低（756.74元）且獲利豐厚，中期AI趨勢仍強，建議在劇烈震盪中持股觀望，等待千元關卡重新站穩或進一步回調後再行操作。
2024-07-15,hold,0,0,False,1008.85,1242698.17,300,1545353.17,股價雖處於強勢多頭且獲利豐厚，但近期外資出現劇烈賣超且週研判轉為中性，建議在劇烈震盪期先持股觀望，等待千元關卡趨勢明朗。
2024-07-16,hold,0,0,False,1023.4,1242698.17,300,1549718.17,股價雖處於強勢多頭且獲利豐厚，但近期外資出現劇烈賣超且週研判轉為中性，建議在千元關卡震盪期間持股觀望，不急於追高或止盈。
2024-07-17,hold,0,0,False,999.15,1242698.17,300,1542443.17,股價雖處於強勢多頭且獲利豐厚，但近期外資劇烈賣超且週趨勢轉為中性，建議在千元關卡震盪期間持股觀望，不急於追高或止盈。
2024-07-18,hold,0,0,False,974.9,1242698.17,300,1535168.17,股價雖處於強勢多頭且遠高於成本，但近期外資劇烈賣超且週趨勢轉為中性，建議在千元關卡震盪期間持股觀望。
2024-07-19,hold,0,0,False,940.95,1242698.17,300,1524983.17,目前股價低於MA20且外資籌碼不穩，雖基本面強勁且持倉獲利豐厚，但短期需觀察能否站穩均線再行加碼。
2024-07-22,hold,0,0,False,910.87,1242698.17,300,1515959.17,股價雖有回升且趨勢偏多，但現價仍低於 MA20 壓力位且外資籌碼不穩，建議在站穩均線前維持持倉觀望。
2024-07-23,hold,0,0,False,949.68,1242698.17,300,1527602.17,股價目前低於MA20且處於回調階段，雖基本面強勁且成本極低，但需觀察外資籌碼是否轉穩及能否突破MA20壓力，故選擇觀望。
2024-07-26,hold,0,0,False,896.32,1242698.17,300,1511594.17,雖然基本面強勁且持倉獲利豐厚，但技術面現價低於MA20且斜率為負，短期處於修正壓力，建議觀望等待趨勢反轉或外資回流。
2024-07-29,hold,0,0,False,915.72,1242698.17,300,1517414.17,雖然基本面強勁且處於獲利狀態，但技術面現價低於MA20且迴歸斜率為負，短期仍有修正壓力，建議持倉觀望以觀察支撐。
2024-07-30,hold,0,0,False,911.84,1242698.17,300,1516250.17,雖然基本面強勁且處於獲利狀態，但技術面現價低於MA20且迴歸斜率為負，短期仍處於修正壓力，建議持倉觀望等待趨勢反轉。
2024-07-31,hold,0,0,False,906.02,1242698.17,300,1514504.17,短期技術面呈現空頭趨勢（現價低於MA20且斜率為負），雖長期基本面強勁且持倉獲利豐厚，但目前處於修正壓力期，建議持股觀望以等待趨勢反轉。
2024-08-01,hold,0,0,False,931.25,1242698.17,300,1522073.17,短期技術面呈現下跌趨勢（斜率為負且低於MA20），但長期基本面強勁且持倉成本極低（756.74元），建議在震盪修正期持股觀望，不急於加碼或獲利了結。
2024-08-02,hold,0,0,False,875.95,1242698.17,300,1505483.17,雖然目前持倉獲利豐厚，但 8/2 外資創紀錄賣超且股價暴跌，技術面呈空頭排列，短期壓力沉重，建議持股觀望待止跌訊號出現再行操作。
2024-08-05,hold,0,0,False,790.59,1242698.17,300,1479875.17,短期趨勢劇烈偏空且外資創紀錄賣超，雖目前持倉成本(756.74)低於現價且有獲利空間，但技術面尚未止跌，建議觀望等待外資賣壓趨緩。
2024-08-06,hold,0,0,False,853.64,1242698.17,300,1498790.17,短期趨勢偏空且外資賣壓創紀錄，雖目前持倉獲利豐厚（成本756.74），但技術面呈現空頭排列，建議觀望等待止跌訊號而非盲目抄底。
2024-08-07,hold,0,0,False,892.44,1242698.17,300,1510430.17,短期技術面呈現空頭排列且外資賣壓創紀錄，雖持倉成本低且有獲利空間，但趨勢偏空，建議觀望等待止跌訊號。
2024-08-08,hold,0,0,False,869.16,1242698.17,300,1503446.17,短期技術面呈現空頭排列且外資賣壓創紀錄，雖目前持倉獲利豐厚，但趨勢偏空，建議暫時觀望等待止跌訊號而非盲目抄底或過早獲利了結。
2024-08-09,hold,0,0,False,906.02,1242698.17,300,1514504.17,股價雖逼近900元支撐且外資於8/6回頭買超，但近期趨勢斜率為負且MA20壓力仍在，綜合研判為中性，建議持倉觀望。
2024-08-12,hold,0,0,False,911.84,1242698.17,300,1516250.17,短期價格趨勢向下且MA20呈現壓力，雖有散戶承接但外資籌碼劇烈波動，目前研判方向為中性，建議持倉觀望900元關卡支撐。
2024-08-13,hold,0,0,False,912.81,1242698.17,300,1516541.17,股價處於短期下跌趨勢且MA20向下，雖有散戶承接但外資籌碼不穩定，目前研判方向為中性，建議持倉觀望900元關卡支撐。
2024-08-14,hold,0,0,False,919.61,1242698.17,300,1518581.17,股價雖在MA20之上且有散戶承接，但近期趨勢斜率為負且週研判維持中性，建議在外資籌碼流向明確逆轉前維持持倉觀望。
2024-08-15,hold,0,0,False,914.76,1242698.17,300,1517126.17,股價雖在MA20之上且成本優勢極大，但近期趨勢斜率為負且週研判維持中性，在外資籌碼尚未明確反轉前，選擇持股觀望。
2024-08-16,sell,300,300,False,939.98,1523444.35,0,1523444.35,三大法人同步轉賣且投信終結連31買，技術面處於空頭格局且趨勢偏空，建議獲利了結以規避短期風險。
2024-08-19,hold,0,0,False,943.86,1523444.35,0,1523444.35,近期趨勢偏空且投信終結連31買轉為賣超，法人賣壓沉重，在技術面尚未止跌回穩前選擇觀望。
2024-08-20,hold,0,0,False,943.86,1523444.35,0,1523444.35,近期價格趨勢向下且迴歸斜率為負，且 8/15 投信終結連 31 買轉為賣超，法人面出現反轉訊號，短期技術面偏空，建議觀望。
2024-08-21,hold,0,0,False,929.31,1523444.35,0,1523444.35,近期價格趨勢向下且迴歸斜率為負，加上投信終結連31買轉為賣超，且週頻研判連續一週偏空，短期面臨沉重法人賣壓，建議觀望等待止跌訊號。
2024-08-22,hold,0,0,False,922.52,1523444.35,0,1523444.35,近期價格趨勢向下且迴歸斜率為負，加上投信終結連買轉為賣超，且週頻研判連續一週偏空，短期風險仍高，建議觀望。
2024-08-23,hold,0,0,False,920.58,1523444.35,0,1523444.35,近期價格趨勢向下且週研判連續兩週偏空，儘管現價略高於MA20，但法人籌碼仍不穩定且存在勞動力挑戰等利空，建議觀望等待趨勢反轉。
2024-08-26,hold,0,0,False,921.55,1523444.35,0,1523444.35,近期趨勢偏空且連續兩週維持該研判，投信已終結連買轉為賣超，籌碼面壓力仍存，建議觀望等待法人轉趨買盤或趨勢反轉。
2024-08-27,hold,0,0,False,913.78,1523444.35,0,1523444.35,近期價格趨勢雖微幅回升且站上MA20，但週頻研判連續兩週偏空，且投信已終結連買轉為賣超，籌碼面尚未完全企穩，建議觀望。
2024-08-28,hold,0,0,False,935.13,1523444.35,0,1523444.35,近期趨勢連續兩週偏空，且投信已終結連買轉為賣超，籌碼面壓力仍存，雖價格在MA20之上但缺乏明確反轉訊號，建議觀望。
2024-08-29,hold,0,0,False,914.76,1523444.35,0,1523444.35,近期趨勢連續兩週偏空，且投信已終結連買轉為賣超，儘管股價略高於MA20，但籌碼面壓力仍重，建議觀望等待方向明確。
2024-08-30,hold,0,0,False,915.72,1523444.35,0,1523444.35,近期股價失守950元且趨勢連續三週偏空，法人賣壓沉重且缺乏明確利多，目前應觀望等待趨勢反轉或外資回補。
2024-09-02,hold,0,0,False,919.61,1523444.35,0,1523444.35,近期趨勢連續三週研判偏空，且股價失守950元，法人賣壓沉重且缺乏明確利多，建議觀望等待趨勢反轉。
2024-09-03,hold,0,0,False,911.84,1523444.35,0,1523444.35,近期趨勢連續三週偏空，且現價已跌破MA20，法人賣壓沉重且缺乏明確利多，建議觀望等待趨勢反轉。
2024-09-04,hold,0,0,False,862.37,1523444.35,0,1523444.35,近期價格趨勢向下且收盤價低於MA20，加上法人持續賣超及週研判連續三週偏空，短期缺乏反轉訊號，建議觀望。
2024-09-05,hold,0,0,False,874.98,1523444.35,0,1523444.35,近期價格趨勢向下且現價低於MA20，加上法人連續三週研判偏空且投信轉賣，短期缺乏反轉利多，建議觀望等待趨勢企穩。
2024-09-06,hold,0,0,False,890.5,1523444.35,0,1523444.35,技術面呈現空頭排列且近4週研判持續偏空，儘管股價嘗試站回900元，但外資賣壓沉重且費半指數劇烈波動，風險仍高於機會。
2024-09-09,hold,0,0,False,872.07,1523444.35,0,1523444.35,技術面呈現空頭排列且MA20壓力沉重，加上外資近期大舉賣超及費半指數劇烈波動，短期趨勢偏空，建議觀望等待止跌訊號。
2024-09-10,hold,0,0,False,876.92,1523444.35,0,1523444.35,技術面呈現空頭排列且MA20向下，法人賣壓沉重，且近期股價在900元關卡拉鋸未穩，短期趨勢偏空，建議觀望等待止跌訊號。
2024-09-11,hold,0,0,False,874.01,1523444.35,0,1523444.35,技術面呈現空頭排列且近30日趨勢下跌，加上外資賣壓沉重且週研判連續四週偏空，目前雖有小資族抄底但缺乏法人強勢回補訊號，建議觀望等待趨勢反轉。
2024-09-12,hold,0,0,False,915.91,1523444.35,0,1523444.35,技術面迴歸斜率為負且近四週研判持續偏空，儘管現價略高於MA20，但法人賣壓沉重且市場波動劇烈，建議觀望等待趨勢反轉。
2024-09-13,buy,1640,1640,False,922.73,8010.73,1640,1521287.93,外資於9/12與9/13連續買超台積電且帶動大盤強勢反彈，加上高階主管家人增持股展現內部信心，短期趨勢由偏空轉中性，適合分批佈局。
2024-09-16,hold,0,0,False,922.73,8010.73,1640,1521287.93,近期外資強勢買超且股價站上MA20，但目前價格(922.73)低於持倉成本(924.04)，且週研判為中性，建議持股觀察外資動向。
2024-09-18,hold,0,0,False,916.89,8010.73,1640,1511710.33,近期外資買盤強勁且股價站上MA20，但目前持倉成本(924.04)高於現價(916.89)，且週研判方向為中性，建議持股觀察是否能突破成本區。
2024-09-19,hold,0,0,False,935.4,8010.73,1640,1542066.73,股價目前處於上升趨勢且高於MA20，且近期外資買盤強勁，但週研判方向為中性且短線漲幅較大，建議持股觀察外資動向。
2024-09-20,buy,8,8,False,948.07,415.36,1648,1562834.72,台積電ADR大漲5.34%且Fed降息利多，加上近期三大法人強勢買超及技術面多頭趨勢，短期動能強勁，決定將餘額盡量買進以增加部位。
2024-09-23,hold,0,0,False,951.96,415.36,1648,1569245.44,股價已站上MA20且趨勢偏多，且近期受Fed降息與外資強勢買超帶動，目前持倉成本低於現價，建議持股獲利，且現金餘額不足以買進更多股份。
2024-09-24,hold,0,0,False,961.71,415.36,1648,1585313.44,股價已站上MA20且趨勢偏多，且受Fed降息與外資買超帶動動能強勁，目前持倉已有獲利，建議持股觀望以追求更高漲幅，且現金餘額不足以買進新股。
2024-09-25,hold,0,0,False,979.25,415.36,1648,1614219.36,股價已處於強勢多頭且遠高於MA20，近期受Fed降息與外資買超帶動動能強勁，目前現金餘額不足以買進，故選擇持股觀望。
2024-09-26,hold,0,0,False,988.99,415.36,1648,1630270.88,股價處於強勢多頭格局且現價遠高於MA20，短期動能強勁，但目前現金餘額極低不足以買進，故選擇持股觀望。
2024-09-27,hold,0,0,False,974.37,415.36,1648,1606177.12,價格趨勢強勁且外資連續大買，技術面與法人動向均偏多，目前持倉已有獲利且現金餘額不足以買進更多股數，故選擇持股觀望。
2024-09-30,hold,0,0,False,932.48,415.36,1648,1537142.4,技術面呈現多頭趨勢且外資強勢買超，但目前現金餘額極低（415元）不足以買進更多股數，故選擇持有觀察。
2024-10-01,hold,0,0,False,947.09,415.36,1648,1561219.68,技術面呈多頭趨勢且外資強勢買超，但目前現金餘額極低（415元）不足以買進更多股數，故維持持倉觀望。
2024-10-04,hold,0,0,False,951.96,415.36,1648,1569245.44,雖然技術面維持多頭且現價高於成本，但9月30日外資單日爆砍2萬張且ADR重摔，籌碼面不確定性劇增，建議暫時觀望以確認底部支撐。
2024-10-07,hold,0,0,False,979.25,415.36,1648,1614219.36,技術面雖維持多頭且現價高於成本，但9月底外資劇烈砍單及ADR重摔顯示籌碼面不穩定，建議持倉觀望以規避短期波動風險。
2024-10-08,hold,0,0,False,984.12,415.36,1648,1622245.12,雖然技術面維持多頭且現價高於成本，但9月底外資劇烈砍單及ADR重摔顯示籌碼面不穩定，目前現金餘額極低無法買進，故選擇持股觀望。
2024-10-09,hold,0,0,False,993.86,415.36,1648,1638296.64,雖然技術面維持多頭且現價高於成本，但9月底外資劇烈砍單及ADR重摔顯示籌碼面不穩定，建議在不確定性消除前持股觀望。
2024-10-11,hold,0,0,False,1018.22,415.36,1648,1678441.92,股價已站穩MA20且處於反彈多頭格局，雖有短期外資波動風險，但基本面強勢且趨勢偏多，建議持倉觀察千元關卡攻防。
2024-10-14,hold,0,0,False,1018.22,415.36,1648,1678441.92,股價已回升至1018.22元且高於MA20，趨勢偏多且獲利豐厚，但在外資籌碼不穩定及美股科技股波動風險下，選擇持股觀望。
2024-10-15,hold,0,0,False,1042.58,415.36,1648,1718587.2,股價目前處於強勢多頭趨勢且遠高於MA20，且近期研判連續四週偏多，在無明確反轉訊號前選擇持股獲利，且目前現金餘額不足以進行有效買進。
2024-10-16,hold,0,0,False,1018.22,415.36,1648,1678441.92,股價已站穩MA20且趨勢偏多，但現金餘額極低不足以買進，且目前獲利豐厚（成本924 vs 現價1018），建議持股觀察外資動向。
2024-10-17,hold,0,0,False,1008.48,415.36,1648,1662390.4,價格趨勢強勁且位於MA20之上，且近四週研判持續偏多，目前獲利空間充足，建議持股觀察外資動向與千元關卡穩定度。
2024-10-18,hold,0,0,False,1057.2,415.36,1648,1742680.96,Q3財報極其亮眼且技術面強勢，雖有美國商務部調查華為晶片之潛在風險，但基本面足以支撐，建議持股觀察。
2024-10-21,hold,0,0,False,1057.2,415.36,1648,1742680.96,Q3財報極其亮眼且技術面呈強勢多頭，但近期法人買賣超劇烈波動且面臨美國商務部調查風險，建議在趨勢由中性轉回偏多前維持持倉觀望。
2024-10-22,hold,0,0,False,1047.45,415.36,1648,1726612.96,基本面極強且Q3財報亮眼，技術面處於強勢多頭，但近期法人買賣波動劇烈且面臨美國商務部調查風險，建議維持持倉觀望。
2024-10-23,hold,0,0,False,1032.84,415.36,1648,1702535.68,Q3財報極其亮眼且技術面呈強勢多頭，但近期法人買賣超波動劇烈且面臨美國商務部調查之潛在風險，建議維持持倉觀望。
2024-10-24,hold,0,0,False,1032.84,415.36,1648,1702535.68,Q3財報極其亮眼且技術面呈強勢多頭，但近期法人買賣超波動劇烈且面臨美國商務部調查風險，建議在中性研判下持股觀望。
2024-10-25,hold,0,0,False,1037.71,415.36,1648,1710561.44,基本面強勁且趨勢偏多，但近期ADR跌破200美元且美債殖利率攀升，短期面臨壓力，建議持倉觀望。
2024-10-28,hold,0,0,False,1023.09,415.36,1648,1686467.68,基本面強勁且財報超預期，技術面處於多頭趨勢，雖有ADR波動但整體趨勢偏多，建議持股獲利。且目前現金餘額不足以買進顯著股數。
2024-10-29,hold,0,0,False,1013.35,415.36,1648,1670416.16,基本面強勁且財報亮眼，技術面呈多頭趨勢且現價位於MA20之上，雖有外資波動與外部雜訊，但整體趨勢偏多，建議持股觀察。
2024-10-30,hold,0,0,False,1003.6,415.36,1648,1654348.16,第3季財報亮眼且趨勢偏多，但現價已接近MA20且ADR近期有跌破200美元之壓力，建議持倉觀察外資動向。
2024-11-01,sell,648,648,False,998.73,644728.64,1000,1643458.64,短期面臨美國出口管制調查及外資連三日大賣超之壓力，且現價低於MA20，建議部分獲利了結以降低風險。
2024-11-04,hold,0,0,False,1013.35,644728.64,1000,1658078.64,基本面強勁但短期面臨美國出口管制調查壓力，且外資近期賣超明顯，技術面現價正處於MA20關鍵支撐位，建議觀望以確認方向。
2024-11-05,hold,0,0,False,1023.09,644728.64,1000,1667818.64,基本面強勁且價格位於MA20之上，但短期面臨美國出口管制調查及外資連續賣超的壓力，建議在中性趨勢下持倉觀望。
2024-11-06,hold,0,0,False,1032.84,644728.64,1000,1677568.64,基本面強勁且價格位於MA20之上，但近期外資賣超壓力大且面臨美國出口管制調查之不確定性，建議持倉觀望。
2024-11-07,hold,0,0,False,1037.71,644728.64,1000,1682438.64,基本面強勁且價格位於MA20之上，但近期外資賣超壓力大且面臨美國出口管制調查之不確定性，建議持倉觀望。
2024-11-08,sell,1000,1000,False,1062.07,1702098.98,0,1702098.98,儘管長期趨勢向上且獲利豐厚，但近期三大法人連續賣超且週頻研判已轉為偏空，加上美國出口管制調查帶來不確定性，決定獲利了結以規避短期風險。
2024-11-11,hold,0,0,False,1057.2,1702098.98,0,1702098.98,雖然價格趨勢上揚且財報亮眼，但最新週研判方向為偏空，且面臨美國出口管制調查風險與三大法人賣超的籌碼壓力，建議觀望以避險。
2024-11-12,hold,0,0,False,1023.09,1702098.98,0,1702098.98,雖然長期趨勢斜率為正且財報亮眼，但近期週頻研判已轉為偏空，且面臨美國出口管制調查風險與三大法人賣超的籌碼壓力，建議暫時觀望。
2024-11-13,hold,0,0,False,1008.48,1702098.98,0,1702098.98,雖然長期趨勢斜率正向且財報亮眼，但短期現價低於MA20，且最新週研判方向為偏空，加上美國出口管制調查與法人賣超壓力，建議觀望等待趨勢反轉。
2024-11-14,hold,0,0,False,1008.48,1702098.98,0,1702098.98,雖然長期趨勢上揚且財報亮眼，但短期趨勢已轉為偏空，且面臨美國出口管制調查風險與三大法人賣超的籌碼壓力，建議觀望。
2024-11-15,hold,0,0,False,1008.48,1702098.98,0,1702098.98,股價低於MA20且今日走勢虎頭蛇尾以平盤收場，加上外資近期賣壓沉重及地緣政治疑慮，建議觀望直至突破1029元壓力線。
2024-11-18,hold,0,0,False,998.73,1702098.98,0,1702098.98,股價低於MA20且趨勢斜率為負，加上外資近期強烈賣超及地緣政治風險，目前動能不足以支持買進，建議觀望至突破1029元壓力線。
2024-11-19,hold,0,0,False,1013.35,1702098.98,0,1702098.98,股價低於MA20且迴歸斜率為負，加上外資近期大舉賣超及地緣政治疑慮，短期趨勢仍屬中性偏弱，建議等待突破1029元壓力後再行布局。
2024-11-20,hold,0,0,False,998.73,1702098.98,0,1702098.98,股價低於MA20且迴歸斜率為負，加上外資近期大舉賣超及地緣政治疑慮，趨勢尚未反轉，建議觀望等待突破1029元壓力。
2024-11-21,hold,0,0,False,984.12,1702098.98,0,1702098.98,股價低於MA20且趨勢斜率為負，加上外資近期大舉賣超及地緣政治疑慮，目前缺乏明確反轉訊號，建議觀望。
2024-11-22,hold,0,0,False,1013.35,1702098.98,0,1702098.98,技術面呈現下跌趨勢且現價低於MA20，外資近期大規模撤資壓力沉重，市場情緒保守，建議觀望等待趨勢反轉。
2024-11-25,hold,0,0,False,1003.6,1702098.98,0,1702098.98,價格趨勢向下且處於 MA20 之下，外資近期賣壓沉重且美國出口管制消息增加不確定性，目前建議觀望等待止跌訊號。
2024-11-26,hold,0,0,False,984.12,1702098.98,0,1702098.98,價格趨勢向下且低於MA20，外資近期大舉撤資導致賣壓沉重，在動能未反轉前建議觀望。
2024-11-27,hold,0,0,False,974.37,1702098.98,0,1702098.98,價格趨勢向下且低於MA20，外資近期賣壓沉重且美國出口管制消息增加不確定性，目前技術面與籌碼面均未見反轉訊號，建議觀望。
2024-11-28,hold,0,0,False,979.25,1702098.98,0,1702098.98,股價低於MA20且趨勢線斜率為負，加上外資近期大規模撤資壓力沉重，短期動能偏弱，建議觀望等待止跌訊號。
2024-11-29,hold,0,0,False,970.48,1702098.98,0,1702098.98,近期價格趨勢明顯偏空，且外資大舉撤出與地緣政治風險尚未消除，技術面 MA20 仍有壓力，建議觀望等待趨勢反轉。
2024-12-02,hold,0,0,False,1008.48,1702098.98,0,1702098.98,近期價格趨勢向下且MA20呈現壓力，外資籌碼劇烈流出且週頻研判為偏空，在下跌趨勢未止且缺乏明確反轉訊號前，選擇觀望以規避風險。
2024-12-03,hold,0,0,False,1027.96,1702098.98,0,1702098.98,近期價格趨勢呈下跌走勢且迴歸斜率為負，加上外資籌碼不穩及地緣政治風險，週頻研判仍為偏空，建議觀望等待趨勢反轉。
2024-12-04,hold,0,0,False,1042.58,1702098.98,0,1702098.98,儘管現價高於MA20，但近期趨勢研判為偏空且外資籌碼不穩，加上地緣政治風險，目前持倉為0，建議觀望等待趨勢反轉。
2024-12-05,hold,0,0,False,1047.45,1702098.98,0,1702098.98,儘管近期價格趨勢回升且位於MA20之上，但最新週研判仍為偏空，且外資籌碼不穩與地緣政治風險尚未完全消除，建議觀望。
2024-12-06,buy,1630,1630,False,1037.71,8221.34,1630,1699688.64,股價位於MA20之上且回歸斜率正向，近期外資已回頭買超且週研判轉為偏多，技術面與資金面顯示反彈動能強勁。
2024-12-09,hold,0,0,False,1047.45,8221.34,1630,1715564.84,股價目前處於 MA20 之上且趨勢偏多，且近期外資已由大賣轉為買超，建議持倉觀察是否能突破成本區並延續漲勢。
2024-12-10,hold,0,0,False,1037.71,8221.34,1630,1699688.64,股價雖處於MA20之上且趨勢偏多，但目前價格(1037.71)與持倉成本(1039.19)極其接近，且現金餘額不足以進行有效加碼，建議持倉觀察外資動向。
2024-12-11,hold,0,0,False,1018.22,8221.34,1630,1667919.94,價格趨勢向上且位於MA20之上，週研判方向轉為偏多，但目前持倉成本(1039.19)高於現價(1018.22)，且現金餘額極低，建議持股觀察是否能突破成本區。
2024-12-12,hold,0,0,False,1036.8,8221.34,1630,1698205.34,股價雖處於多頭趨勢且位於MA20之上，但目前價格(1036.8)接近持倉成本(1039.19)，且現金餘額極低不足以建倉，建議持股觀察外資動向。
2024-12-13,hold,0,0,False,1041.69,8221.34,1630,1706176.04,股價雖處於上升趨勢且站上MA20，但近期週研判方向轉為中性，且現金餘額不足以進行有效加碼，故選擇持股觀望。
2024-12-16,hold,0,0,False,1061.26,8221.34,1630,1738075.14,股價處於上升趨勢且高於MA20，且2奈米製程前景樂觀，但近期週研判轉為中性且現金餘額不足以進行有效加碼，故選擇持股觀望。
2024-12-17,hold,0,0,False,1051.48,8221.34,1630,1722133.74,價格趨勢向上且位於MA20之上，且2奈米製程前景樂觀，但近期週頻研判轉為中性且現金餘額極低，建議持股觀望。
2024-12-18,hold,0,0,False,1061.26,8221.34,1630,1738075.14,股價處於上升趨勢且高於MA20，且2奈米製程前景樂觀，但近期週頻研判轉為中性且外資動向仍具不確定性，建議持倉觀望。
2024-12-19,hold,0,0,False,1046.59,8221.34,1630,1714163.04,股價位於MA20之上且回歸斜率正向，技術面穩健；但近期週研判轉為中性且外資動向不穩定，建議持倉觀望。
2024-12-20,hold,0,0,False,1012.35,8221.34,1630,1658351.84,基本面受2奈米進展與外資買盤支撐，但現價低於MA20且短期趨勢中性，建議等待站穩MA20確認反轉訊號再行加碼。
2024-12-23,hold,0,0,False,1056.37,8221.34,1630,1730104.44,股價目前位於MA20之上且趨勢向上，基本面受2奈米進展與外資買盤支撐，但週頻研判已連續兩週維持中性，建議在確認反轉訊號前持股觀望。
2024-12-24,hold,0,0,False,1056.37,8221.34,1630,1730104.44,股價目前位於MA20之上且趨勢向上，基本面受2奈米進展支撐，但近期週頻研判維持中性且現金餘額不足以進行有效加碼，故選擇持股觀望。
2024-12-25,hold,0,0,False,1061.26,8221.34,1630,1738075.14,股價目前位於 MA20 之上且趨勢向上，基本面受 2 奈米進展支撐，但近期週研判維持中性且現金餘額不足以進行有效加碼，故選擇持股觀望。
2024-12-26,hold,0,0,False,1061.26,8221.34,1630,1738075.14,價格已站上 MA20 且趨勢斜率正向，基本面受 2 奈米進展支撐，但近期週頻研判維持中性，建議持股觀察是否能持續鞏固漲勢。
2024-12-27,hold,0,0,False,1066.15,8221.34,1630,1746045.84,雖然長期趨勢偏多且股價位於MA20之上，但昨日ADR下跌1.58%且中科徵地爭議仍存，建議在短期壓力下先持倉觀望。
2024-12-30,hold,0,0,False,1066.15,8221.34,1630,1746045.84,技術面呈多頭趨勢且價格高於MA20，基本面2奈米領先，但近期ADR下跌1.58%且面臨中科徵地爭議，建議持股觀望以對沖短期波動。
2024-12-31,hold,0,0,False,1051.48,8221.34,1630,1722133.74,技術面處於多頭趨勢且價格在MA20之上，基本面2奈米領先，但近期ADR下跌且中科徵地存在短期變數，建議持股觀察。
