as_of,arm,model,predicted_pct,predicted_dir,actual_pct,actual_dir,hit,abs_err,n_news,n_digests_used,skipped_reason,prompt_version
2025-01-03,A,Gemma4-31B,1.5,flat,3.26,up,False,1.76,10,0,,A_v2
2025-01-03,L,Gemma4-31B,-2.5,flat,3.26,up,False,5.76,10,0,,L_v3
2025-01-10,A,Gemma4-31B,3.5,up,0.0,flat,False,3.5,10,0,,A_v2
2025-01-10,L,Gemma4-31B,12.5,up,0.0,flat,False,12.5,10,0,,L_v3
2025-01-17,A,Gemma4-31B,1.5,flat,-5.8,down,False,7.3,10,0,,A_v2
2025-01-17,L,Gemma4-31B,12.5,up,-5.8,down,False,18.3,10,0,,L_v3
2025-01-24,A,Gemma4-31B,3.5,up,-10.13,down,False,13.63,10,0,,A_v2
2025-01-24,L,Gemma4-31B,10.5,up,-10.13,down,False,20.63,10,0,,L_v3
2025-01-31,A,Gemma4-31B,4.2,up,-10.13,down,False,14.33,10,0,,A_v2
2025-01-31,L,Gemma4-31B,12.5,up,-10.13,down,False,22.63,10,0,,L_v3
2025-02-07,A,Gemma4-31B,2.2,flat,-11.29,down,False,13.49,10,0,,A_v2
2025-02-07,L,Gemma4-31B,8.5,up,-11.29,down,False,19.79,10,0,,L_v3
2025-02-14,A,Gemma4-31B,1.2,flat,-8.49,down,False,9.69,10,0,,A_v2
2025-02-14,L,Gemma4-31B,7.5,up,-8.49,down,False,15.99,10,0,,L_v3
2025-02-21,A,Gemma4-31B,-4.2,down,-10.82,down,True,6.62,10,0,,A_v2
2025-02-21,L,Gemma4-31B,-5.5,down,-10.82,down,True,5.32,10,0,,L_v3
2025-02-28,A,Gemma4-31B,3.2,up,-8.03,down,False,11.23,10,0,,A_v2
2025-02-28,L,Gemma4-31B,7.5,up,-8.03,down,False,15.53,10,0,,L_v3
2025-03-07,A,Gemma4-31B,-3.5,down,-18.43,down,True,14.93,10,0,,A_v2
2025-03-07,L,Gemma4-31B,6.5,up,-18.43,down,False,24.93,10,0,,L_v3
2025-03-14,A,Gemma4-31B,-2.5,flat,-8.12,down,False,5.62,10,0,,A_v2
2025-03-14,L,Gemma4-31B,7.5,up,-8.12,down,False,15.62,10,0,,L_v3
2025-03-21,A,Gemma4-31B,2.8,flat,-16.05,down,False,18.85,10,0,,A_v2
2025-03-21,L,Gemma4-31B,7.5,up,-16.05,down,False,23.55,10,0,,L_v3
2025-03-28,A,Gemma4-31B,1.2,flat,-5.25,down,False,6.45,10,0,,A_v2
2025-03-28,L,Gemma4-31B,6.5,up,-5.25,down,False,11.75,10,0,,L_v3
2025-04-04,A,Gemma4-31B,3.2,up,-0.42,flat,False,3.62,10,0,,A_v2
2025-04-04,L,Gemma4-31B,6.5,up,-0.42,flat,False,6.92,10,0,,L_v3
2025-04-11,A,Gemma4-31B,4.2,up,7.65,up,True,3.45,10,0,,A_v2
2025-04-11,L,Gemma4-31B,7.5,up,7.65,up,True,0.15,10,0,,L_v3
2025-04-18,A,Gemma4-31B,1.5,flat,15.76,up,False,14.26,10,0,,A_v2
2025-04-18,L,Gemma4-31B,7.5,up,15.76,up,True,8.26,10,0,,L_v3
2025-04-25,A,Gemma4-31B,-1.5,flat,9.91,up,False,11.41,10,0,,A_v2
2025-04-25,L,Gemma4-31B,-3.5,down,9.91,up,False,13.41,10,0,,L_v3
2025-05-02,A,Gemma4-31B,3.5,up,-0.42,flat,False,3.92,10,0,,A_v2
2025-05-02,L,Gemma4-31B,12.5,up,-0.42,flat,False,12.92,10,0,,L_v3
2025-05-09,A,Gemma4-31B,3.2,up,5.9,up,True,2.7,10,0,,A_v2
2025-05-09,L,Gemma4-31B,12.5,up,5.9,up,True,6.6,10,0,,L_v3
2025-05-16,A,Gemma4-31B,3.5,up,3.14,up,True,0.36,10,0,,A_v2
2025-05-16,L,Gemma4-31B,12.5,up,3.14,up,True,9.36,10,0,,L_v3
2025-05-23,A,Gemma4-31B,3.5,up,4.1,up,True,0.6,10,0,,A_v2
2025-05-23,L,Gemma4-31B,-3.5,down,4.1,up,False,7.6,10,0,,L_v3
2025-05-30,A,Gemma4-31B,1.2,flat,12.16,up,False,10.96,10,0,,A_v2
2025-05-30,L,Gemma4-31B,8.5,up,12.16,up,True,3.66,10,0,,L_v3
2025-06-06,A,Gemma4-31B,3.5,up,9.51,up,True,6.01,10,0,,A_v2
2025-06-06,L,Gemma4-31B,-3.5,down,9.51,up,False,13.01,10,0,,L_v3
2025-06-13,A,Gemma4-31B,3.5,up,6.8,up,True,3.3,10,0,,A_v2
2025-06-13,L,Gemma4-31B,-4.5,down,6.8,up,False,11.3,10,0,,L_v3
2025-06-20,A,Gemma4-31B,3.5,up,9.48,up,True,5.98,10,0,,A_v2
2025-06-20,L,Gemma4-31B,-3.5,down,9.48,up,False,12.98,10,0,,L_v3
2025-06-27,A,Gemma4-31B,1.5,flat,6.02,up,False,4.52,10,0,,A_v2
2025-06-27,L,Gemma4-31B,8.5,up,6.02,up,True,2.48,10,0,,L_v3
2025-07-04,A,Gemma4-31B,1.5,flat,4.61,up,False,3.11,10,0,,A_v2
2025-07-04,L,Gemma4-31B,-2.5,flat,4.61,up,False,7.11,10,0,,L_v3
2025-07-11,A,Gemma4-31B,1.2,flat,7.27,up,False,6.07,10,0,,A_v2
2025-07-11,L,Gemma4-31B,-2.5,flat,7.27,up,False,9.77,10,0,,L_v3
2025-07-18,A,Gemma4-31B,4.5,up,2.16,flat,False,2.34,10,0,,A_v2
2025-07-18,L,Gemma4-31B,12.5,up,2.16,flat,False,10.34,10,0,,L_v3
2025-07-25,A,Gemma4-31B,4.2,up,2.18,flat,False,2.02,10,0,,A_v2
2025-07-25,L,Gemma4-31B,12.5,up,2.18,flat,False,10.32,10,0,,L_v3
2025-08-01,A,Gemma4-31B,1.2,flat,0.0,flat,True,1.2,10,0,,A_v2
2025-08-01,L,Gemma4-31B,-5.0,down,0.0,flat,False,5.0,10,0,,L_v3
2025-08-08,A,Gemma4-31B,3.2,up,0.43,flat,False,2.77,10,0,,A_v2
2025-08-08,L,Gemma4-31B,12.5,up,0.43,flat,False,12.07,10,0,,L_v3
2025-08-15,A,Gemma4-31B,-1.2,flat,6.78,up,False,7.98,10,0,,A_v2
2025-08-15,L,Gemma4-31B,-3.5,down,6.78,up,False,10.28,10,0,,L_v3
2025-08-22,A,Gemma4-31B,-1.5,flat,11.9,up,False,13.4,10,0,,A_v2
2025-08-22,L,Gemma4-31B,7.5,up,11.9,up,True,4.4,10,0,,L_v3
2025-08-29,A,Gemma4-31B,-1.5,flat,12.52,up,False,14.02,10,0,,A_v2
2025-08-29,L,Gemma4-31B,-4.5,down,12.52,up,False,17.02,10,0,,L_v3
2025-09-05,A,Gemma4-31B,2.1,flat,22.1,up,False,20.0,10,0,,A_v2
2025-09-05,L,Gemma4-31B,8.5,up,22.1,up,True,13.6,10,0,,L_v3
2025-09-12,A,Gemma4-31B,3.5,up,16.73,up,True,13.23,10,0,,A_v2
2025-09-12,L,Gemma4-31B,-3.5,down,16.73,up,False,20.23,10,0,,L_v3
2025-09-19,A,Gemma4-31B,3.5,up,15.42,up,True,11.92,10,0,,A_v2
2025-09-19,L,Gemma4-31B,-3.5,down,15.42,up,False,18.92,10,0,,L_v3
2025-09-26,A,Gemma4-31B,-2.5,flat,15.77,up,False,18.27,10,0,,A_v2
2025-09-26,L,Gemma4-31B,-4.5,down,15.77,up,False,20.27,10,0,,L_v3
2025-10-03,A,Gemma4-31B,5.2,up,4.29,up,True,0.91,10,0,,A_v2
2025-10-03,L,Gemma4-31B,12.5,up,4.29,up,True,8.21,10,0,,L_v3
2025-10-10,A,Gemma4-31B,4.2,up,2.43,flat,False,1.77,10,0,,A_v2
2025-10-10,L,Gemma4-31B,11.5,up,2.43,flat,False,9.07,10,0,,L_v3
2025-10-17,A,Gemma4-31B,6.5,up,-0.34,flat,False,6.84,10,0,,A_v2
2025-10-17,L,Gemma4-31B,-3.5,down,-0.34,flat,False,3.16,10,0,,L_v3
2025-10-24,A,Gemma4-31B,6.5,up,-4.48,down,False,10.98,10,0,,A_v2
2025-10-24,L,Gemma4-31B,12.5,up,-4.48,down,False,16.98,10,0,,L_v3
2025-10-31,A,Gemma4-31B,4.2,up,-4.0,down,False,8.2,10,0,,A_v2
2025-10-31,L,Gemma4-31B,12.5,up,-4.0,down,False,16.5,10,0,,L_v3
2025-11-07,A,Gemma4-31B,-1.5,flat,0.0,flat,True,1.5,10,0,,A_v2
2025-11-07,L,Gemma4-31B,-3.5,down,0.0,flat,False,3.5,10,0,,L_v3
2025-11-14,A,Gemma4-31B,-1.5,flat,3.84,up,False,5.34,10,0,,A_v2
2025-11-14,L,Gemma4-31B,-4.5,down,3.84,up,False,8.34,10,0,,L_v3
2025-11-21,A,Gemma4-31B,1.2,flat,3.59,up,False,2.39,10,0,,A_v2
2025-11-21,L,Gemma4-31B,7.5,up,3.59,up,True,3.91,10,0,,L_v3
2025-11-28,A,Gemma4-31B,2.8,flat,6.6,up,False,3.8,10,0,,A_v2
2025-11-28,L,Gemma4-31B,7.5,up,6.6,up,True,0.9,10,0,,L_v3
2025-12-05,A,Gemma4-31B,3.2,up,17.17,up,True,13.97,10,0,,A_v2
2025-12-05,L,Gemma4-31B,8.5,up,17.17,up,True,8.67,10,0,,L_v3
2025-12-12,A,Gemma4-31B,1.5,flat,15.54,up,False,14.04,10,0,,A_v2
2025-12-12,L,Gemma4-31B,-3.5,down,15.54,up,False,19.04,10,0,,L_v3
2025-12-19,A,Gemma4-31B,3.5,up,24.13,up,True,20.63,10,0,,A_v2
2025-12-19,L,Gemma4-31B,7.5,up,24.13,up,True,16.63,10,0,,L_v3
2025-12-26,A,Gemma4-31B,3.5,up,16.23,up,True,12.73,10,0,,A_v2
2025-12-26,L,Gemma4-31B,11.5,up,16.23,up,True,4.73,10,0,,L_v3
