as_of,arm,model,predicted_pct,predicted_dir,actual_pct,actual_dir,hit,abs_err,n_news,n_digests_used,skipped_reason
2024-01-05,A,Gemma4-31B,-1.2,down,1.39,up,False,2.59,10,1,
2024-01-05,B,Gemma4-31B,-1.2,down,1.39,up,False,2.59,10,1,
2024-01-12,A,Gemma4-31B,2.1,up,7.19,up,True,5.09,10,2,
2024-01-12,B,Gemma4-31B,2.1,up,7.19,up,True,5.09,10,2,
2024-01-19,A,Gemma4-31B,4.2,up,2.87,up,True,1.33,10,3,
2024-01-19,B,Gemma4-31B,4.2,up,2.87,up,True,1.33,10,3,
2024-01-26,A,Gemma4-31B,3.2,up,-1.4,down,False,4.6,10,4,
2024-01-26,B,Gemma4-31B,3.2,up,-1.4,down,False,4.6,10,4,
2024-02-02,A,Gemma4-31B,2.1,up,8.19,up,True,6.09,10,4,
2024-02-02,B,Gemma4-31B,2.1,up,8.19,up,True,6.09,10,4,
2024-02-09,A,Gemma4-31B,2.1,up,5.42,up,True,3.32,10,4,
2024-02-09,B,Gemma4-31B,2.2,up,5.42,up,True,3.22,10,4,
2024-02-16,A,Gemma4-31B,3.2,up,2.05,up,True,1.15,10,4,
2024-02-16,B,Gemma4-31B,3.2,up,2.05,up,True,1.15,10,4,
2024-02-23,A,Gemma4-31B,3.2,up,4.02,up,True,0.82,10,4,
2024-02-23,B,Gemma4-31B,2.1,up,4.02,up,True,1.92,10,4,
2024-03-01,A,Gemma4-31B,1.2,up,13.79,up,True,12.59,10,4,
2024-03-01,B,Gemma4-31B,1.2,up,13.79,up,True,12.59,10,4,
2024-03-08,A,Gemma4-31B,3.2,up,-3.95,down,False,7.15,10,4,
2024-03-08,B,Gemma4-31B,3.2,up,-3.95,down,False,7.15,10,4,
2024-03-15,A,Gemma4-31B,-4.2,down,4.74,up,False,8.94,10,4,
2024-03-15,B,Gemma4-31B,-4.2,down,4.74,up,False,8.94,10,4,
2024-03-22,A,Gemma4-31B,-2.1,down,-1.15,down,True,0.95,10,4,
2024-03-22,B,Gemma4-31B,-2.1,down,-1.15,down,True,0.95,10,4,
2024-03-29,A,Gemma4-31B,1.2,up,5.54,up,True,4.34,10,4,
2024-03-29,B,Gemma4-31B,1.2,up,5.54,up,True,4.34,10,4,
2024-04-05,A,Gemma4-31B,-1.2,down,4.87,up,False,6.07,10,4,
2024-04-05,B,Gemma4-31B,-1.2,down,4.87,up,False,6.07,10,4,
2024-04-12,A,Gemma4-31B,1.2,up,-8.31,down,False,9.51,10,4,
2024-04-12,B,Gemma4-31B,1.48,up,-8.31,down,False,9.79,10,4,
2024-04-19,A,Gemma4-31B,-2.5,down,4.27,up,False,6.77,10,4,
2024-04-19,B,Gemma4-31B,-3.2,down,4.27,up,False,7.47,10,4,
2024-04-26,A,Gemma4-31B,1.2,up,0.51,flat,False,0.69,10,4,
2024-04-26,B,Gemma4-31B,1.2,up,0.51,flat,False,0.69,10,4,
2024-05-03,A,Gemma4-31B,-1.2,down,2.82,up,False,4.02,10,4,
2024-05-03,B,Gemma4-31B,-1.2,down,2.82,up,False,4.02,10,4,
2024-05-10,A,Gemma4-31B,1.2,up,4.11,up,True,2.91,10,4,
2024-05-10,B,Gemma4-31B,1.2,up,4.11,up,True,2.91,10,4,
2024-05-17,A,Gemma4-31B,1.2,up,3.83,up,True,2.63,10,4,
2024-05-17,B,Gemma4-31B,1.2,up,3.83,up,True,2.63,10,4,
2024-05-24,A,Gemma4-31B,2.1,up,-5.31,down,False,7.41,10,4,
2024-05-24,B,Gemma4-31B,1.2,up,-5.31,down,False,6.51,10,4,
2024-05-31,A,Gemma4-31B,1.48,up,7.07,up,True,5.59,10,4,
2024-05-31,B,Gemma4-31B,-1.2,down,7.07,up,False,8.27,10,4,
2024-06-07,A,Gemma4-31B,3.2,up,5.18,up,True,1.98,10,4,
2024-06-07,B,Gemma4-31B,3.2,up,5.18,up,True,1.98,10,4,
2024-06-14,A,Gemma4-31B,1.2,up,5.21,up,True,4.01,10,4,
2024-06-14,B,Gemma4-31B,-1.2,down,5.21,up,False,6.41,10,4,
2024-06-21,A,Gemma4-31B,3.2,up,-0.41,flat,False,3.61,10,4,
2024-06-21,B,Gemma4-31B,1.2,up,-0.41,flat,False,1.61,10,4,
2024-06-28,A,Gemma4-31B,3.2,up,4.04,up,True,0.84,10,4,
2024-06-28,B,Gemma4-31B,1.2,up,4.04,up,True,2.84,10,4,
2024-07-05,A,Gemma4-31B,2.8,up,3.48,up,True,0.68,10,4,
2024-07-05,B,Gemma4-31B,2.1,up,3.48,up,True,1.38,10,4,
2024-07-12,A,Gemma4-31B,-2.1,down,-6.73,down,True,4.63,10,4,
2024-07-12,B,Gemma4-31B,-2.1,down,-6.73,down,True,4.63,10,4,
2024-07-19,A,Gemma4-31B,-1.2,down,-3.09,down,True,1.89,10,4,
2024-07-19,B,Gemma4-31B,1.2,up,-3.09,down,False,4.29,10,4,
2024-07-26,A,Gemma4-31B,-1.2,down,-2.27,down,True,1.07,10,4,
2024-07-26,B,Gemma4-31B,-1.2,down,-2.27,down,True,1.07,10,4,
2024-08-02,A,Gemma4-31B,-4.2,down,3.43,up,False,7.63,10,4,
2024-08-02,B,Gemma4-31B,-3.5,down,3.43,up,False,6.93,10,4,
2024-08-09,A,Gemma4-31B,1.2,up,3.75,up,True,2.55,10,4,
2024-08-09,B,Gemma4-31B,1.2,up,3.75,up,True,2.55,10,4,
2024-08-16,A,Gemma4-31B,-2.1,down,-2.06,down,True,0.04,10,4,
2024-08-16,B,Gemma4-31B,-2.2,down,-2.06,down,True,0.14,10,4,
2024-08-23,A,Gemma4-31B,1.2,up,-0.53,flat,False,1.73,10,4,
2024-08-23,B,Gemma4-31B,-1.2,down,-0.53,flat,False,0.67,10,4,
2024-08-30,A,Gemma4-31B,-1.2,down,-2.76,down,True,1.56,10,4,
2024-08-30,B,Gemma4-31B,-1.2,down,-2.76,down,True,1.56,10,4,
2024-09-06,A,Gemma4-31B,-1.2,down,3.62,up,False,4.82,10,4,
2024-09-06,B,Gemma4-31B,-1.2,down,3.62,up,False,4.82,10,4,
2024-09-13,A,Gemma4-31B,2.1,up,3.17,up,True,1.07,10,4,
2024-09-13,B,Gemma4-31B,1.2,up,3.17,up,True,1.97,10,4,
2024-09-20,A,Gemma4-31B,4.8,up,2.77,up,True,2.03,10,4,
2024-09-20,B,Gemma4-31B,5.34,up,2.77,up,True,2.57,10,4,
2024-09-27,A,Gemma4-31B,2.1,up,1.0,up,True,1.1,10,4,
2024-09-27,B,Gemma4-31B,3.2,up,1.0,up,True,2.2,10,4,
2024-10-04,A,Gemma4-31B,-2.5,down,6.96,up,False,9.46,10,4,
2024-10-04,B,Gemma4-31B,-1.5,down,6.96,up,False,8.46,10,4,
2024-10-11,A,Gemma4-31B,-1.2,down,3.83,up,False,5.03,10,4,
2024-10-11,B,Gemma4-31B,2.2,up,3.83,up,True,1.63,10,4,
2024-10-18,A,Gemma4-31B,3.2,up,-1.84,down,False,5.04,10,4,
2024-10-18,B,Gemma4-31B,3.2,up,-1.84,down,False,5.04,10,4,
2024-10-25,A,Gemma4-31B,-1.2,down,-2.35,down,True,1.15,10,4,
2024-10-25,B,Gemma4-31B,-1.2,down,-2.35,down,True,1.15,10,4,
2024-11-01,A,Gemma4-31B,-2.5,down,6.34,up,False,8.84,10,4,
2024-11-01,B,Gemma4-31B,-2.5,down,6.34,up,False,8.84,10,4,
2024-11-08,A,Gemma4-31B,-1.2,down,-5.05,down,True,3.85,10,4,
2024-11-08,B,Gemma4-31B,-1.2,down,-5.05,down,True,3.85,10,4,
2024-11-15,A,Gemma4-31B,-1.2,down,0.48,flat,False,1.68,10,4,
2024-11-15,B,Gemma4-31B,-1.2,down,0.48,flat,False,1.68,10,4,
2024-11-22,A,Gemma4-31B,-1.2,down,-4.23,down,True,3.03,10,4,
2024-11-22,B,Gemma4-31B,-1.2,down,-4.23,down,True,3.03,10,4,
2024-11-29,A,Gemma4-31B,-2.1,down,6.93,up,False,9.03,10,4,
2024-11-29,B,Gemma4-31B,-2.1,down,6.93,up,False,9.03,10,4,
2024-12-06,A,Gemma4-31B,1.2,up,0.38,flat,False,0.82,10,4,
2024-12-06,B,Gemma4-31B,1.2,up,0.38,flat,False,0.82,10,4,
2024-12-13,A,Gemma4-31B,0.72,flat,-2.82,down,False,3.54,10,4,
2024-12-13,B,Gemma4-31B,1.2,up,-2.82,down,False,4.02,10,4,
2024-12-20,A,Gemma4-31B,1.2,up,5.31,up,True,4.11,10,4,
2024-12-20,B,Gemma4-31B,1.2,up,5.31,up,True,4.11,10,4,
2024-12-27,A,Gemma4-31B,-1.2,down,3.21,up,False,4.41,10,4,
2024-12-27,B,Gemma4-31B,-1.2,down,3.21,up,False,4.41,10,4,
